condition,model,accuracy,perplexity
group,Markov(1),0.20551724137931035,5.002581716472736
group,Markov(2),0.19714285714285715,5.015026285555182
group,Quaternion,0.2013793103448276,5.011926762919461
semigroup,Markov(1),0.1306896551724138,8.02291784792102
semigroup,Markov(2),0.1275,8.201800483842085
semigroup,Quaternion,0.1193103448275862,8.045589684679811
