condition,model,accuracy,perplexity
group,Markov(1),0.2060204081632653,5.000274974450765
group,Markov(2),0.20239583333333333,5.008400743030412
group,Quaternion,0.1946938775510204,5.040469359700743
semigroup,Markov(1),0.11857142857142858,8.01211700929268
semigroup,Markov(2),0.12583333333333332,8.049026805893073
semigroup,Quaternion,0.12306122448979592,8.024450683137566
